id,review
298,Excellent
4153,Good
5359,Good
7734,Bad
3283,Very good
9321,Excellent
4945,Very good
6246,Bad
8882,Good
5839,Very bad
9167,Bad
6318,Excellent
6582,Very good
9288,Very good
6161,Very bad
8723,Excellent
7697,Very good
2257,Very good
8672,Very good
8306,Very good
9688,Excellent
4755,Excellent
109,Very good
2237,Bad
5936,Good
6644,Excellent
3879,Very good
2229,Good
2138,Bad
8120,Excellent
6459,Very good
9504,Excellent
962,Bad
7332,Good
4733,Excellent
1182,Bad
3973,Very good
2274,Excellent
2975,Very good
4998,Very good
120,Very good
364,Very good
5292,Excellent
1088,Very good
1015,Bad
6247,Excellent
8660,Excellent
3206,Very good
4620,Very good
5078,Bad
453,Very good
8192,Excellent
967,Very good
5195,Very bad
5747,Good
1301,Very good
4662,Excellent
8821,Excellent
4055,Very good
3895,Very good
8369,Very good
3449,Excellent
5287,Very good
9305,Very good
3403,Good
7301,Excellent
3617,Very good
9136,Very good
3884,Excellent
3974,Very good
7309,Good
2726,Bad
7361,Very bad
6081,Excellent
6590,Good
6702,Very good
720,Bad
1176,Excellent
6181,Very good
1024,Bad
1151,Excellent
1451,Very good
2653,Very good
4862,Good
8498,Good
9862,Excellent
1739,Very good
7345,Bad
2242,Bad
1895,Excellent
5302,Very bad
4581,Very good
2151,Very good
8315,Very good
9364,Very bad
8788,Very good
8906,Very good
7377,Very bad
2039,Very good
1989,Bad
7314,Very good
321,Very good
1,Bad
5950,Excellent
4440,Excellent
4417,Very good
7282,Very good
694,Very good
2531,Bad
6115,Excellent
1369,Very good
1078,Excellent
5635,Very good
6026,Good
6058,Very good
4528,Good
8027,Very good
7231,Good
5975,Bad
7518,Very good
433,Very good
4718,Good
4470,Good
9524,Bad
8244,Very good
9265,Excellent
9811,Excellent
7256,Very good
8545,Bad
3265,Very good
8440,Good
871,Very good
445,Very good
769,Excellent
4895,Good
9502,Bad
7455,Very good
9358,Very good
8015,Excellent
1990,Very good
4917,Excellent
7757,Excellent
5132,Very good
2276,Very good
457,Very bad
7729,Very good
8664,Very good
499,Very good
4931,Very good
7274,Good
848,Excellent
1232,Good
6916,Very good
4637,Very good
4221,Very bad
5614,Good
4868,Excellent
9150,Very good
4201,Excellent
7420,Good
9762,Very good
1047,Very bad
247,Very good
3102,Bad
4090,Good
8751,Very good
7837,Very good
2798,Very good
3927,Excellent
8348,Very good
610,Bad
8460,Good
4380,Excellent
5878,Bad
8404,Excellent
50,Bad
333,Excellent
2546,Very bad
4602,Good
1041,Very good
2240,Excellent
4094,Very good
8078,Good
1243,Bad
1783,Good
8667,Very good
9030,Good
7073,Very good
5122,Good
8979,Bad
696,Excellent
2516,Very good
3422,Excellent
3497,Very bad
1390,Excellent
9063,Excellent
5755,Very good
4392,Excellent
6386,Excellent
9831,Excellent
5815,Good
4033,Bad
2948,Very good
3417,Bad
5814,Bad
737,Excellent
8105,Very good
2339,Bad
2424,Very good
7350,Bad
3201,Very good
5093,Excellent
9249,Very good
1119,Very good
2589,Very good
9332,Very bad
7810,Very good
2105,Excellent
5898,Very good
4454,Excellent
4950,Very good
3,Excellent
2155,Excellent
9180,Excellent
2850,Very good
8231,Very good
359,Good
9420,Very good
71,Very good
18,Good
8281,Excellent
6542,Very good
8838,Very good
6262,Very good
9556,Excellent
8561,Excellent
1901,Bad
1346,Good
9046,Very good
4971,Bad
6164,Good
3902,Very good
1448,Very good
1753,Very good
1372,Very good
4347,Excellent
8234,Very good
7885,Very good
5432,Very good
485,Good
3141,Good
4748,Excellent
6122,Excellent
7010,Very good
6411,Good
1224,Very good
6967,Bad
7514,Excellent
53,Good
8763,Bad
1614,Very good
1183,Very good
1049,Very good
1966,Bad
1859,Excellent
6287,Good
273,Excellent
5862,Excellent
8402,Very bad
7752,Very good
3813,Very good
6678,Very good
6835,Good
3967,Excellent
3689,Very good
435,Good
6184,Excellent
4885,Very good
2346,Good
3076,Very good
8663,Very good
7353,Excellent
7323,Very good
2231,Bad
6565,Very good
8343,Very good
2814,Good
8985,Very good
7054,Good
2213,Bad
2711,Excellent
428,Very good
8984,Very good
8441,Bad
5054,Very good
1386,Excellent
5786,Excellent
378,Very good
5712,Excellent
6279,Very good
165,Bad
470,Very good
9512,Excellent
8544,Very good
5281,Bad
9597,Excellent
2926,Excellent
9582,Very good
9336,Very good
7221,Good
8901,Good
2852,Very good
9955,Good
1098,Good
22,Excellent
7021,Very good
2239,Very good
4073,Very good
2810,Very good
3113,Excellent
8537,Good
5297,Very good
2038,Excellent
281,Bad
9542,Bad
8426,Very good
5124,Excellent
2716,Good
157,Excellent
6339,Very good
5994,Good
6407,Very good
2555,Very good
5337,Very good
5687,Bad
1492,Bad
4903,Excellent
8697,Very good
953,Very good
1790,Good
379,Very good
3324,Excellent
1866,Very good
5154,Good
8719,Excellent
8055,Good
2291,Very good
2090,Excellent
595,Very good
2063,Very good
9739,Very good
6709,Good
9828,Very good
7648,Excellent
993,Very good
7022,Very good
191,Very good
956,Very good
3782,Good
2771,Good
2103,Good
4395,Excellent
1190,Very good
123,Good
4985,Very good
4559,Excellent
8669,Very good
4273,Excellent
1297,Very good
855,Very good
9879,Bad
1574,Very good
5653,Bad
5713,Good
9146,Very good
5303,Good
286,Very good
627,Very good
8462,Excellent
5715,Very good
260,Excellent
3370,Bad
463,Good
525,Bad
7770,Good
8290,Very good
1361,Very good
7212,Good
1583,Excellent
4693,Excellent
3758,Very good
5893,Good
9329,Excellent
422,Excellent
5891,Excellent
2905,Good
6765,Good
3828,Very good
589,Excellent
2999,Bad
4134,Excellent
7874,Good
1698,Very good
9674,Very good
5982,Good
3399,Bad
1056,Very good
344,Very good
7776,Good
6703,Very good
2440,Excellent
2446,Excellent
6179,Very good
1596,Excellent
3325,Excellent
7483,Excellent
2476,Bad
6370,Excellent
1864,Good
3607,Excellent
5041,Excellent
4502,Bad
8212,Very good
2822,Very bad
8865,Good
7261,Bad
5946,Excellent
2646,Very good
7534,Good
4298,Bad
2963,Very good
4187,Very good
1906,Very good
7513,Very bad
146,Very good
8345,Excellent
9215,Very good
4426,Bad
1535,Excellent
5648,Excellent
5999,Very good
1618,Bad
9876,Bad
6158,Very good
7412,Bad
6741,Excellent
124,Excellent
5318,Bad
5184,Very good
6189,Very good
9759,Very good
8860,Very good
1385,Bad
7780,Very good
8021,Excellent
2571,Good
7804,Very good
2675,Very bad
9608,Very good
6536,Excellent
9311,Excellent
483,Bad
4289,Very good
6031,Excellent
7167,Bad
8164,Good
5608,Very good
1932,Very good
8135,Excellent
3168,Excellent
9173,Excellent
708,Very good
5929,Excellent
2828,Very good
242,Excellent
7286,Good
9485,Excellent
8415,Excellent
3415,Excellent
5327,Very good
7650,Good
3044,Good
5228,Good
3214,Excellent
2996,Excellent
886,Very good
9520,Very good
6096,Very good
9506,Excellent
5724,Very good
4369,Good
8610,Very good
5247,Bad
7655,Very good
498,Good
3587,Excellent
6127,Very good
371,Good
758,Good
1785,Good
7853,Excellent
3386,Very good
3523,Very bad
3825,Good
5340,Very good
8033,Bad
2398,Very good
2795,Very good
7783,Excellent
4166,Very good
3634,Bad
383,Good
6760,Very good
5591,Very good
1738,Excellent
4081,Excellent
2180,Very good
7807,Excellent
121,Excellent
1599,Good
3045,Excellent
8092,Good
2678,Bad
6083,Very good
9777,Excellent
6006,Very good
2336,Very good
6954,Bad
7117,Excellent
7958,Very good
7791,Excellent
6133,Very bad
9930,Good
1210,Very good
7716,Good
3696,Very good
2462,Good
4152,Very good
6332,Bad
826,Very good
2451,Bad
3737,Bad
3103,Very good
7756,Very good
5836,Very good
3254,Good
2190,Good
9607,Very bad
7364,Very good
7628,Very good
1309,Very good
5701,Very good
6983,Excellent
7276,Excellent
2674,Good
8318,Excellent
6159,Very bad
1330,Very good
9780,Good
1305,Very good
7172,Bad
8409,Very good
8615,Bad
7236,Good
4310,Excellent
5877,Excellent
8892,Excellent
4374,Good
8981,Very good
7745,Good
6490,Bad
4093,Very good
4198,Excellent
3232,Excellent
5623,Excellent
2657,Very good
6680,Good
1674,Good
1320,Very good
132,Excellent
3827,Excellent
6108,Excellent
5707,Excellent
2956,Very good
3303,Excellent
8714,Very good
4522,Very good
6365,Good
4498,Very good
5637,Very good
4918,Very bad
9806,Excellent
2951,Very good
9168,Good
6821,Bad
4025,Very good
7308,Very good
7489,Bad
5803,Excellent
3816,Bad
2062,Good
4330,Very good
5288,Excellent
4898,Excellent
2082,Very good
4984,Very good
9042,Excellent
7066,Bad
5926,Very good
5017,Excellent
5921,Bad
6426,Good
7421,Excellent
9796,Bad
5058,Excellent
5899,Very good
8483,Good
655,Excellent
5818,Bad
6032,Very good
612,Excellent
818,Excellent
336,Excellent
5294,Good
385,Excellent
2718,Excellent
6419,Very good
8507,Very bad
9478,Excellent
6719,Very good
7108,Very good
6088,Very good
2052,Excellent
9625,Very bad
4552,Excellent
7042,Very good
2005,Good
1514,Excellent
3223,Excellent
5935,Excellent
937,Very good
1808,Bad
1465,Very good
1542,Very good
1704,Very good
2187,Bad
5113,Excellent
5218,Bad
4842,Bad
6229,Excellent
8575,Bad
1777,Good
7184,Excellent
1491,Very good
9621,Very good
6803,Good
3886,Very good
4411,Good
7786,Bad
3761,Very good
9543,Excellent
9564,Very bad
9638,Excellent
1995,Good
5367,Very good
7162,Good
2803,Very good
4593,Very good
6076,Very good
8286,Very good
2668,Very good
5174,Very good
5683,Excellent
954,Good
8056,Good
1840,Very good
9123,Excellent
4,Very good
9351,Very bad
3874,Very good
4923,Very good
9233,Very good
9038,Very good
3181,Excellent
5240,Very good
3869,Excellent
8198,Very good
442,Excellent
1025,Bad
8205,Excellent
1213,Very good
6567,Excellent
2642,Excellent
6794,Very good
8572,Very good
3515,Very good
7617,Very good
2347,Excellent
4148,Good
4894,Very good
1615,Good
5599,Good
2834,Very good
3658,Very good
4400,Good
6745,Bad
4285,Very good
3167,Very good
3591,Excellent
6783,Good
3997,Very good
6940,Very good
1526,Good
3759,Good
5848,Excellent
6977,Very bad
4883,Good
8854,Very good
2028,Excellent
8121,Good
5992,Very good
1929,Very good
231,Good
2109,Excellent
7400,Very good
7596,Very good
9426,Excellent
8051,Very good
3021,Very good
8009,Excellent
4214,Very bad
4664,Very good
1459,Excellent
9255,Very good
8333,Good
3912,Very good
3993,Excellent
9197,Good
6903,Excellent
8252,Very good
2698,Good
5552,Very good
3425,Excellent
7169,Excellent
4544,Excellent
7549,Very good
9640,Bad
2250,Very good
3057,Very good
2121,Very good
8093,Very good
6485,Very good
5988,Very good
4011,Excellent
6507,Excellent
3678,Excellent
8774,Very good
3990,Very good
2529,Very good
8826,Very good
9074,Very good
7843,Very good
6486,Very good
4433,Very bad
8782,Very good
4538,Very good
2127,Excellent
7423,Good
7831,Very bad
6037,Bad
1971,Excellent
475,Very good
8133,Very good
2478,Bad
7068,Very good
6788,Bad
7437,Very bad
8172,Excellent
8822,Very good
6976,Bad
5056,Very good
9928,Very good
3784,Very good
2095,Very good
6300,Excellent
2614,Excellent
1865,Excellent
1660,Very good
4438,Excellent
8511,Bad
4322,Excellent
1167,Very good
1070,Very good
9297,Excellent
2025,Very good
2203,Bad
3657,Excellent
8959,Very good
4444,Very good
8638,Very good
2691,Very good
3962,Excellent
226,Very good
1231,Good
1600,Very good
6107,Bad
8643,Good
5823,Good
1802,Bad
8422,Bad
2739,Excellent
9103,Excellent
3670,Good
2096,Very good
2884,Excellent
2898,Excellent
7452,Very bad
3545,Very bad
1590,Very good
547,Excellent
3418,Very good
7401,Very good
7865,Very good
6961,Very good
6134,Good
1994,Good
8512,Excellent
8599,Excellent
8156,Excellent
6347,Good
2080,Excellent
5887,Very good
9466,Very good
3109,Very good
965,Bad
3129,Very good
6928,Very bad
6155,Excellent
3474,Excellent
6412,Good
4682,Excellent
135,Very good
2171,Bad
6964,Very good
1970,Very good
9991,Excellent
3926,Very good
8116,Bad
1623,Very good
9290,Good
9492,Bad
1292,Very good
6868,Bad
793,Very good
2616,Bad
9669,Very good
2295,Bad
3621,Very good
4904,Very good
1621,Good
3275,Very good
5735,Excellent
5577,Very good
1954,Very good
9134,Very good
6182,Good
947,Excellent
5343,Very good
9107,Good
5537,Excellent
5091,Very good
9127,Very good
4349,Very good
1286,Bad
918,Very bad
2380,Bad
2703,Good
8175,Very good
6935,Bad
7589,Very good
1547,Very bad
8775,Very good
8137,Bad
754,Excellent
3382,Excellent
7909,Very bad
9938,Very good
5738,Very good
973,Excellent
1643,Bad
3566,Good
1731,Excellent
2896,Very good
3763,Very good
2622,Bad
8194,Very good
3870,Very bad
9891,Bad
6857,Very good
6445,Very good
7418,Very good
9128,Very bad
8640,Good
3010,Bad
6151,Excellent
8278,Very good
142,Good
3787,Excellent
3084,Bad
8564,Bad
9771,Bad
5923,Excellent
5932,Very good
187,Excellent
2355,Excellent
2404,Very good
8243,Excellent
1164,Very good
9312,Bad
4244,Very good
3396,Very good
824,Good
8158,Excellent
8,Very good
7120,Very good
3179,Very good
6898,Good
545,Excellent
774,Very good
6900,Very good
9918,Very good
7651,Good
8276,Very good
511,Excellent
3423,Excellent
9540,Excellent
1832,Excellent
7820,Good
4497,Very good
9534,Very good
7723,Bad
2329,Very good
3776,Very good
8087,Very good
3253,Very good
3505,Very bad
7494,Very good
7610,Very good
1963,Excellent
9325,Good
7794,Very good
783,Good
2753,Very good
9443,Very good
808,Very good
6015,Good
3233,Very good
4422,Very good
9940,Very good
1430,Very good
8913,Very good
1203,Bad
7255,Very good
7703,Excellent
2418,Very good
2168,Excellent
557,Very good
2647,Excellent
7546,Very good
7090,Very good
3943,Excellent
2294,Very good
7916,Good
8254,Very good
4009,Very good
5476,Excellent
2249,Very good
7750,Good
4973,Very good
8108,Excellent
8408,Very good
6652,Good
9667,Very good
1743,Very good
9320,Very good
6094,Good
7725,Excellent
4204,Very good
9418,Good
963,Very good
2745,Excellent
4050,Good
2993,Very good
431,Excellent
2866,Excellent
1180,Bad
1756,Very good
6039,Very good
7303,Good
3456,Excellent
4677,Excellent
443,Very good
3205,Good
3100,Excellent
149,Excellent
9219,Bad
2470,Very good
5153,Good
2340,Very good
3756,Very bad
208,Bad
5252,Good
1678,Excellent
9924,Very bad
6580,Very good
3674,Very good
9282,Excellent
6842,Excellent
6820,Bad
2560,Excellent
2618,Excellent
8620,Very bad
9065,Excellent
2081,Bad
6049,Excellent
9133,Very good
8859,Good
3149,Very bad
6406,Very good
3291,Excellent
9888,Good
8165,Very good
3185,Bad
8455,Good
2484,Excellent
5907,Very good
7384,Bad
8153,Very good
1728,Excellent
3276,Very good
5433,Very good
2433,Very good
2952,Bad
4539,Very good
4838,Bad
205,Very good
6526,Excellent
6294,Very good
3139,Good
6988,Excellent
6659,Very good
2705,Bad
5329,Good
3014,Very good
8505,Very good
3945,Good
1392,Very good
9668,Very good
9749,Very good
6713,Very bad
1609,Very good
4731,Very good
1918,Good
2817,Very good
6460,Excellent
5704,Excellent
7798,Very good
8628,Very good
8429,Bad
6559,Excellent
3136,Very good
7225,Very good
182,Good
8707,Very good
492,Very good
575,Excellent
4119,Very good
9892,Very good
5316,Very good
2178,Bad
462,Good
2501,Very good
2126,Good
9675,Bad
8271,Good
9904,Excellent
340,Bad
1800,Excellent
6811,Very good
3539,Very good
1710,Bad
3575,Very good
4607,Very good
8927,Very good
1693,Very good
8407,Very good
9569,Good
8704,Excellent
4191,Good
5001,Very good
3616,Very good
5732,Good
2861,Good
151,Very good
5220,Excellent
5350,Very good
3688,Excellent
6989,Good
8232,Good
3257,Excellent
2713,Very good
6034,Very good
2216,Very good
2459,Good
2650,Very good
1549,Very good
9414,Good
7445,Good
1383,Bad
3506,Good
2029,Bad
2855,Very good
2918,Bad
732,Excellent
5870,Very good
1951,Very good
4627,Good
5007,Excellent
1502,Very good
6205,Excellent
2863,Excellent
3977,Excellent
7773,Very good
5425,Very good
9453,Good
4278,Very bad
2629,Excellent
5641,Very good
7846,Excellent
3210,Very bad
7182,Very good
7960,Very bad
6742,Very good
4376,Good
3747,Very good
4737,Excellent
4069,Very good
1124,Very good
9817,Bad
5443,Very bad
7813,Excellent
125,Very good
5866,Very good
8862,Bad
52,Very good
5763,Very good
8519,Bad
8752,Good
69,Excellent
455,Good
5739,Good
844,Bad
5313,Bad
6025,Bad
1277,Very good
9528,Very good
5604,Excellent
535,Good
2933,Excellent
8792,Bad
1322,Good
2530,Very good
1133,Good
7163,Very good
9163,Excellent
8338,Very good
1068,Very good
7298,Excellent
2941,Excellent
4597,Excellent
3535,Good
5364,Good
8793,Good
1556,Very good
9855,Excellent
4064,Bad
5206,Very good
2376,Bad
9487,Bad
8350,Good
3975,Bad
6708,Excellent
3248,Bad
2150,Good
7582,Good
7784,Good
3806,Excellent
5594,Excellent
1940,Good
3994,Very good
9923,Very good
4492,Very good
8920,Very good
9952,Very good
531,Good
927,Very good
8616,Excellent
9076,Very good
2807,Bad
6650,Very good
566,Good
4255,Very bad
5666,Excellent
2431,Excellent
235,Very good
6447,Excellent
719,Very good
3466,Good
6325,Bad
7834,Very good
3666,Good
2842,Good
8684,Excellent
5188,Good
5858,Very good
6073,Very good
7315,Good
3034,Good
6472,Good
8593,Excellent
4343,Very good
6818,Excellent
6492,Very good
3882,Very good
628,Very good
2223,Excellent
6922,Very good
6241,Very good
9530,Bad
7994,Excellent
7250,Bad
6250,Excellent
9547,Very good
5902,Good
2768,Very good
1127,Bad
9139,Very bad
6796,Very good
903,Excellent
3343,Good
989,Excellent
1172,Excellent
6355,Very bad
4175,Excellent
3208,Very good
4005,Very good
238,Very good
3820,Good
4354,Very good
7379,Bad
1853,Very good
4407,Bad
1591,Excellent
6371,Bad
9783,Very good
9415,Bad
5193,Very good
4983,Very good
5493,Very good
2353,Excellent
9432,Excellent
400,Very good
6353,Very good
277,Good
6380,Good
1132,Very good
6002,Very good
3796,Excellent
9237,Excellent
9753,Excellent
9212,Very good
7510,Excellent
6041,Bad
4162,Excellent
8474,Very good
8168,Excellent
6429,Excellent
1261,Excellent
2576,Good
2191,Very good
1720,Very good
3134,Excellent
4818,Excellent
3241,Excellent
8363,Very good
6608,Very good
2511,Excellent
1942,Excellent
5667,Bad
367,Very good
7986,Excellent
2575,Very bad
1242,Very good
3508,Very good
4988,Excellent
4960,Very good
1543,Excellent
1074,Excellent
9906,Very good
195,Very good
3006,Bad
3865,Excellent
2110,Very good
8275,Good
6350,Very good
2181,Excellent
5572,Good
3124,Very good
3407,Excellent
4365,Very good
6202,Good
2830,Excellent
92,Very good
1774,Excellent
3864,Bad
3898,Excellent
9095,Bad
8645,Excellent
2370,Bad
468,Bad
5660,Very good
5149,Excellent
5547,Bad
6609,Very good
9256,Excellent
2059,Very good
7235,Good
3197,Bad
7989,Good
9986,Very good
5197,Very bad
5584,Excellent
1773,Very good
4268,Excellent
9967,Good
6992,Very good
5973,Excellent
5829,Good
7918,Good
3659,Very good
7521,Bad
4599,Excellent
7680,Good
4314,Very good
6661,Excellent
9786,Very good
2406,Very good
6139,Very good
904,Excellent
41,Good
502,Excellent
6403,Very good
3664,Very good
2858,Bad
6865,Very bad
2929,Bad
4414,Excellent
407,Bad
6995,Excellent
4665,Very good
4264,Very good
4742,Excellent
5156,Excellent
9736,Good
9271,Very good
9347,Very good
9031,Very bad
2637,Good
5397,Excellent
8903,Excellent
8304,Very good
2767,Good
1238,Very good
670,Very good
3427,Good
9856,Very good
7147,Excellent
1648,Very good
8370,Excellent
7555,Bad
8013,Very good
8812,Very good
3833,Good
9554,Excellent
7061,Very good
3498,Excellent
4177,Very good
6663,Very good
5497,Very good
6023,Excellent
1255,Very good
4655,Excellent
1429,Very good
4186,Excellent
3402,Good
4018,Very good
9227,Very good
7645,Excellent
8475,Bad
931,Very good
4739,Good
2839,Very good
6561,Good
6051,Bad
916,Good
4600,Good
2338,Bad
5095,Very good
9400,Very bad
9469,Very good
1157,Very good
8265,Excellent
2157,Excellent
7268,Very good
4364,Excellent
5226,Very good
4608,Very good
6635,Excellent
9750,Very good
5585,Very good
9015,Excellent
6042,Bad
7778,Very good
6942,Very good
1405,Bad
4827,Very good
6597,Excellent
8525,Very good
8703,Bad
9007,Very good
9995,Very good
4311,Excellent
3211,Very good
3112,Very good
5326,Very good
9901,Excellent
3436,Bad
2108,Very good
5251,Very good
3390,Very good
3001,Very good
4884,Excellent
7525,Very good
1541,Excellent
5924,Good
8459,Very good
6397,Very good
5908,Excellent
3443,Very good
8693,Very good
1187,Bad
3830,Good
2978,Bad
587,Very good
5222,Good
3686,Good
9535,Very good
1075,Very good
4127,Bad
2280,Excellent
7084,Good
466,Very good
9456,Excellent
9060,Very good
8805,Good
2326,Very good
9284,Excellent
2266,Very good
4404,Good
4839,Very bad
1128,Very good
1554,Very good
1719,Very good
2315,Very good
8878,Excellent
4529,Very good
1469,Very good
5182,Very good
478,Good
744,Good
2443,Excellent
8273,Very good
3713,Very good
6043,Good
2621,Very good
9841,Very good
6442,Bad
935,Very good
4514,Very good
8412,Very good
3329,Excellent
7499,Very good
5534,Excellent
8569,Excellent
4991,Bad
3174,Good
2815,Very good
702,Very good
9732,Very good
1321,Very good
7634,Very good
3930,Very good
2492,Excellent
7611,Excellent
2397,Excellent
3609,Very bad
7040,Excellent
6711,Good
439,Bad
4356,Bad
2482,Very good
7317,Excellent
9053,Excellent
6456,Very good
1442,Good
3036,Very good
5833,Excellent
2310,Excellent
5849,Very good
5342,Excellent
9532,Bad
7271,Excellent
7297,Very good
3346,Good
4700,Very good
8069,Good
1562,Good
945,Excellent
1342,Very good
440,Excellent
852,Excellent
8683,Very good
3650,Good
7450,Very good
1184,Bad
2166,Very good
2953,Excellent
9326,Good
3011,Excellent
3599,Very good
7696,Excellent
5308,Good
862,Very good
538,Excellent
2756,Very good
4239,Very good
6577,Very good
8797,Excellent
9421,Very bad
2806,Very good
5884,Bad
5344,Very good
4882,Good
3392,Very bad
9165,Excellent
7430,Good
539,Excellent
5708,Good
3342,Very good
8337,Very good
8219,Bad
6172,Good
6102,Excellent
1632,Excellent
9054,Very good
6839,Good
717,Excellent
6141,Very good
9914,Excellent
3807,Excellent
1525,Excellent
1402,Very good
2221,Very good
8976,Very good
6218,Very good
6033,Bad
5558,Very bad
4810,Excellent
9239,Excellent
3426,Very bad
9428,Good
6723,Excellent
5012,Very good
2552,Very good
3723,Bad
896,Good
6497,Excellent
4367,Very good
4032,Excellent
8081,Good
5615,Excellent
8836,Very good
1617,Very good
1267,Very good
5011,Excellent
8736,Very good
9802,Good
8780,Bad
4540,Very good
5268,Very good
5404,Very good
4447,Good
2931,Excellent
8983,Very good
6192,Very good
255,Very good
3472,Good
6575,Good
747,Excellent
7205,Good
3446,Very good
2813,Bad
1263,Good
6261,Very bad
6712,Bad
1229,Excellent
380,Very bad
1639,Good
9929,Bad
170,Bad
1646,Very good
1480,Very good
7116,Bad
7678,Excellent
81,Very good
330,Good
7381,Bad
1587,Very good
6974,Very good
8257,Very good
583,Very good
2279,Very good
4547,Good
2553,Bad
8146,Excellent
7631,Very bad
6118,Very good
8410,Very good
8534,Very good
1647,Very good
7131,Very good
8819,Excellent
3544,Very good
7761,Very good
9894,Excellent
3410,Very good
9717,Bad
9965,Excellent
9061,Excellent
7322,Excellent
677,Very good
358,Very good
6173,Excellent
5602,Bad
5828,Very good
7454,Very good
6243,Excellent
6938,Bad
2899,Excellent
584,Excellent
8499,Excellent
6071,Excellent
7246,Very good
2099,Excellent
2086,Good
2314,Very good
9044,Excellent
740,Excellent
9006,Very bad
9200,Very good
3954,Very good
7085,Very bad
9322,Good
36,Very good
1851,Very good
5570,Excellent
2055,Excellent
1652,Very good
6327,Bad
9164,Very good
1701,Excellent
8155,Excellent
2857,Excellent
2371,Excellent
2128,Good
8671,Very good
5679,Very good
2464,Very good
8612,Bad
7289,Very good
5391,Very good
4541,Very good
2731,Excellent
276,Very good
8397,Good
173,Very good
4261,Good
6780,Excellent
6303,Very good
1293,Good
97,Excellent
5315,Excellent
6733,Very good
5276,Very good
6330,Bad
429,Bad
8139,Excellent
9355,Very bad
7931,Very good
2134,Bad
1063,Bad
2525,Excellent
8665,Very good
9028,Very good
972,Very good
4770,Excellent
7882,Excellent
1686,Good
9396,Very bad
1689,Very good
805,Bad
9864,Very good
2723,Very good
1412,Very good
1387,Very good
8841,Bad
4979,Bad
7859,Excellent
6111,Bad
4696,Excellent
3965,Very good
2882,Excellent
4760,Very good
5616,Excellent
2140,Very good
2300,Very good
6317,Very good
296,Excellent
6534,Very good
9845,Good
4412,Good
4192,Very good
7376,Excellent
4246,Very good
2528,Very good
2490,Very good
2862,Bad
1324,Very good
328,Bad
3358,Very good
9386,Very good
9155,Good
7441,Bad
576,Very good
9399,Very good
4625,Very good
7102,Very good
5927,Very good
8457,Good
7571,Very good
2800,Excellent
261,Bad
2943,Very good
2222,Excellent
2781,Very good
1461,Very good
2907,Very good
9467,Good
6481,Excellent
8954,Very good
5871,Good
6889,Bad
761,Good
215,Excellent
506,Very good
3445,Good
5190,Excellent
4841,Very good
9050,Excellent
5729,Excellent
7159,Very good
7245,Excellent
5472,Good
5775,Very good
9384,Very good
8602,Excellent
637,Good
6931,Very good
1169,Very bad
6749,Very good
2945,Very good
5205,Very good
1296,Very good
1140,Excellent
9993,Very good
6666,Excellent
9557,Bad
7178,Very good
5802,Very good
3829,Very good
519,Very good
8588,Very good
3356,Excellent
7809,Very good
5271,Very good
1067,Excellent
4355,Very good
2018,Good
1258,Very good
2689,Good
7515,Very good
5436,Bad
9511,Very good
2656,Very good
3894,Very good
82,Very good
3042,Very good
6444,Very good
239,Very bad
6125,Very good
751,Very good
5873,Very good
8739,Very good
925,Excellent
7240,Very bad
7428,Very good
9055,Good
4980,Excellent
4083,Bad
3049,Good
7999,Excellent
7708,Bad
8746,Very good
8682,Excellent
6773,Bad
2073,Bad
8039,Very good
3793,Excellent
7827,Very bad
5046,Very good
3441,Very good
9083,Very good
3606,Very good
2694,Very good
2317,Good
8772,Excellent
5170,Very bad
4963,Excellent
4319,Very good
9033,Very good
2172,Excellent
7028,Very good
3840,Very good
7203,Very good
1117,Excellent
174,Good
4378,Very good
9100,Good
4288,Very good
6851,Bad
7362,Excellent
4256,Good
4956,Bad
8722,Good
2357,Good
2729,Very good
5764,Good
7512,Good
9306,Very good
2292,Very good
5835,Excellent
4844,Good
6436,Very bad
6800,Good
6622,Good
5914,Very good
6525,Good
5351,Excellent
9129,Excellent
7666,Excellent
3376,Very good
9216,Very good
4951,Excellent
8239,Good
1155,Very good
5714,Very bad
6405,Very good
7234,Very good
5520,Very good
3151,Good
1566,Very good
8178,Very good
3685,Bad
7041,Bad
7075,Very good
1019,Excellent
2605,Excellent
9241,Very good
6085,Good
8378,Excellent
5414,Good
1726,Very good
7567,Very good
8334,Good
6763,Very good
2925,Very good
2154,Very good
324,Excellent
6289,Good
4836,Bad
1544,Bad
6061,Very good
3725,Very good
5473,Excellent
244,Good
2143,Excellent
3958,Bad
1846,Excellent
2919,Excellent
6795,Excellent
9600,Very good
5618,Excellent
2036,Bad
9207,Excellent
1665,Very good
2796,Excellent
220,Very good
6805,Excellent
2835,Excellent
5960,Bad
5892,Very good
1907,Good
8349,Good
8533,Very good
3612,Excellent
2066,Very good
8784,Excellent
7850,Very bad
3873,Good
1666,Very bad
9678,Very good
1003,Excellent
4276,Good
6960,Bad
4085,Very bad
9761,Very good
7858,Good
4959,Excellent
7695,Good
237,Bad
2020,Very good
8835,Good
7637,Excellent
7183,Very bad
7721,Excellent
6874,Excellent
411,Excellent
2120,Very good
6620,Very good
4588,Very good
4088,Excellent
3447,Very good
5412,Very good
8085,Very good
1071,Very good
559,Very bad
2159,Excellent
890,Good
1093,Good
5049,Very good
3584,Very good
4282,Very good
7468,Very good
8030,Excellent
5896,Very bad
6404,Bad
8547,Good
7496,Very good
2874,Excellent
5150,Bad
7094,Very good
7857,Very good
5368,Excellent
7841,Very bad
4232,Very good
414,Bad
1362,Very good
2079,Very good
6087,Excellent
5532,Very bad
7375,Very good
8300,Excellent
6972,Excellent
2827,Excellent
448,Excellent
7732,Very good
2389,Very bad
7144,Excellent
6003,Bad
1534,Excellent
7673,Bad
2900,Excellent
8769,Very good
3842,Very good
8630,Good
1357,Good
7547,Good
8753,Good
6457,Bad
342,Very bad
4468,Good
6689,Good
7767,Very bad
1845,Very good
7797,Good
8887,Very bad
8990,Good
9909,Bad
8894,Good
2687,Excellent
8144,Very bad
5542,Excellent
1669,Very good
8579,Very good
569,Excellent
8608,Good
3579,Very good
8811,Bad
5692,Very good
1946,Very good
83,Very good
8585,Very good
2708,Excellent
1406,Good
553,Very good
6450,Excellent
2232,Bad
2202,Excellent
8374,Very good
3818,Excellent
6627,Excellent
6562,Excellent
743,Very good
7051,Excellent
9317,Very good
9959,Excellent
9184,Bad
9760,Very good
3018,Very good
8482,Very good
1634,Very good
2608,Very good
1150,Excellent
3161,Good
7272,Excellent
10,Excellent
5026,Excellent
2363,Very good
7012,Excellent
8947,Very good
4200,Very good
2617,Bad
3594,Excellent
611,Good
390,Very bad
308,Bad
3264,Very good
5047,Very good
5243,Bad
4463,Good
2816,Excellent
1466,Excellent
4746,Good
1060,Excellent
5796,Excellent
4155,Bad
1504,Excellent
7098,Very good
2186,Very good
7424,Very good
4478,Excellent
8088,Excellent
3029,Excellent
204,Very good
3992,Excellent
7319,Very good
7762,Excellent
6168,Very good
3855,Excellent
4190,Very good
3301,Very bad
567,Very good
7324,Very good
8606,Excellent
7001,Bad
300,Bad
3721,Very good
8691,Very good
6017,Bad
8227,Good
4405,Very good
7125,Very good
2601,Good
7922,Very good
5522,Good
161,Very good
6501,Very good
3552,Very bad
5617,Very good
7226,Very good
5517,Very good
8966,Very good
2799,Excellent
4495,Very good
5869,Very good
1283,Good
8790,Excellent
9662,Very good
9211,Bad
5832,Bad
2572,Excellent
7257,Very good
8113,Very good
8655,Excellent
2980,Excellent
9731,Bad
1300,Very good
9019,Very good
7305,Bad
1998,Very good
7194,Good
9078,Very good
9671,Excellent
5008,Excellent
6697,Bad
8627,Very good
7600,Excellent
1339,Bad
9865,Very bad
8557,Very good
8042,Good
562,Very good
2885,Very good
6054,Excellent
7572,Very good
4641,Very good
3922,Excellent
7597,Excellent
8868,Excellent
3921,Excellent
4940,Excellent
4096,Very bad
1675,Very good
1725,Very good
8035,Very good
9950,Very good
4482,Excellent
8825,Very good
4762,Very good
4824,Very good
1620,Very good
1411,Good
1196,Excellent
5454,Very good
640,Good
392,Very good
8495,Bad
8029,Good
9707,Very good
734,Good
6612,Very good
4464,Very good
4233,Good
7174,Excellent
8890,Very good
2944,Very good
6781,Very good
4704,Bad
9101,Bad
815,Very good
4060,Good
9172,Excellent
376,Very good
8235,Very bad
644,Very good
2947,Bad
67,Very good
1539,Good
6097,Excellent
9949,Excellent
5077,Good
1713,Bad
6701,Very good
7168,Very good
2722,Very bad
5109,Good
6537,Excellent
6079,Good
4051,Excellent
2027,Very good
9295,Very good
4250,Very good
9514,Very good
680,Very good
5453,Bad
8245,Very bad
6636,Very good
6737,Excellent
760,Very good
6919,Very good
355,Excellent
5250,Very good
1427,Very good
95,Excellent
5741,Very good
3573,Bad
7988,Excellent
982,Very good
5672,Very good
9964,Good
8803,Very good
3395,Good
3822,Very good
3780,Very good
2429,Bad
2354,Very good
9444,Bad
2587,Very good
3249,Very bad
6349,Very good
4059,Very good
2631,Very good
8346,Very bad
1178,Very good
3333,Excellent
7870,Bad
5523,Excellent
2098,Bad
9208,Very good
192,Very good
9084,Very good
669,Good
2093,Very good
1733,Excellent
5610,Bad
6464,Good
4284,Very good
7646,Excellent
6452,Very good
8277,Bad
1735,Very bad
8695,Very good
2436,Bad
9292,Very good
2374,Excellent
8742,Very good
6646,Bad
2244,Very good
9430,Very good
5040,Good
701,Very good
2564,Very good
4792,Very bad
6971,Excellent
2928,Excellent
9195,Good
4106,Excellent
5574,Bad
679,Excellent
9953,Bad
2744,Very good
9603,Bad
9698,Bad
1409,Good
3388,Very good
1999,Good
6847,Very bad
6576,Good
1269,Very good
4008,Excellent
3190,Bad
6121,Very good
5382,Good
7302,Good
6135,Very good
1032,Excellent
7785,Bad
2183,Excellent
832,Very good
5516,Very good
5440,Very good
1349,Good
766,Very good
5706,Very good
700,Bad
4975,Excellent
4124,Excellent
998,Excellent
4530,Excellent
8794,Very good
5718,Very bad
3485,Excellent
4663,Very good
164,Good
5032,Very good
6196,Very bad
153,Excellent
6385,Excellent
803,Excellent
5880,Excellent
7410,Very good
2548,Bad
1944,Excellent
8478,Excellent
6893,Very good
874,Excellent
8964,Bad
9057,Excellent
9223,Good
9360,Bad
8150,Very good
8189,Very good
7435,Very good
1784,Good
5065,Good
3757,Excellent
9210,Excellent
8143,Very good
5034,Bad
6718,Very good
833,Very good
147,Very good
6879,Very good
8770,Bad
303,Good
5726,Very good
3340,Very good
8163,Very good
1419,Good
9990,Very good
8574,Bad
7550,Good
3464,Very good
2710,Very good
1018,Excellent
7603,Bad
2961,Excellent
5066,Very good
9464,Excellent
2671,Excellent
9016,Very good
4007,Very good
4866,Bad
6234,Bad
3366,Very bad
616,Good
6067,Very good
6013,Very good
5020,Bad
2811,Very good
216,Very good
46,Very good
4763,Very good
1559,Excellent
9434,Very good
643,Very good
825,Very good
1509,Good
9156,Very good
4735,Excellent
4181,Bad
3187,Very good
6304,Excellent
5725,Very good
419,Very good
1801,Excellent
5746,Good
9900,Very good
5824,Bad
4379,Very good
1550,Very good
8552,Very good
4542,Good
8203,Bad
6,Very good
3772,Very good
9378,Very good
3589,Excellent
5366,Very bad
1488,Very good
6376,Good
3733,Excellent
9186,Excellent
1260,Very good
6540,Very good
9801,Excellent
1506,Very good
2603,Excellent
6631,Very good
4110,Excellent
3751,Very good
2014,Very good
4024,Excellent
4251,Bad
9738,Excellent
4615,Excellent
9897,Very good
7898,Very good
5717,Excellent
2146,Very good
1454,Excellent
1959,Very good
2570,Very good
6162,Very good
8661,Very good
5147,Very good
3341,Excellent
8711,Excellent
6045,Very good
1389,Excellent
2124,Very good
9153,Very good
6401,Excellent
7806,Good
7602,Very good
7334,Excellent
7122,Very good
926,Very good
4102,Very good
541,Very good
8320,Bad
1379,Very good
2717,Bad
8755,Very good
9604,Very good
6136,Good
6813,Very good
4848,Excellent
2071,Very good
7517,Good
9096,Very good
5521,Good
8385,Excellent
6528,Bad
1375,Good
7616,Bad
7199,Very good
8294,Very good
5540,Bad
5466,Excellent
5015,Very good
8807,Very good
8600,Bad
5754,Excellent
5510,Very good
574,Excellent
928,Very bad
2016,Excellent
6165,Very good
4290,Good
5365,Bad
4654,Very good
3131,Very good
3077,Excellent
9029,Good
5716,Bad
9004,Very bad
2439,Excellent
8694,Excellent
6367,Excellent
2599,Good
4420,Good
3008,Good
1438,Excellent
5225,Bad
1113,Excellent
7993,Very good
366,Excellent
3160,Very good
836,Very good
3147,Very good
686,Bad
4353,Good
1004,Very good
6706,Very good
7331,Very good
8084,Very good
8289,Very bad
4546,Excellent
2734,Bad
5304,Very good
3098,Good
1146,Bad
8136,Very good
8509,Very good
3917,Good
7316,Excellent
8896,Very good
3778,Very bad
2524,Excellent
2619,Bad
9620,Very good
3512,Very bad
4910,Very good
7130,Bad
4578,Good
3610,Very good
6532,Very good
6778,Good
7656,Very good
7668,Very good
481,Excellent
6682,Excellent
8968,Very good
2009,Bad
7201,Good
5103,Very good
24,Excellent
7759,Very good
282,Very good
8900,Bad
3353,Excellent
7754,Excellent
7474,Very good
8504,Very good
4757,Very good
2341,Excellent
6431,Excellent
4003,Excellent
9366,Very good
2426,Very good
3626,Very good
7495,Good
6029,Very good
7336,Very bad
9334,Very good
6531,Excellent
7251,Very good
8317,Good
9863,Very good
2860,Excellent
4854,Very good
8453,Excellent
8786,Bad
8292,Good
7917,Bad
1798,Excellent
9849,Good
3561,Excellent
6809,Excellent
1769,Bad
2752,Excellent
6726,Excellent
7570,Very good
3284,Very good
9664,Very good
8583,Excellent
5031,Bad
3605,Very good
2640,Excellent
1039,Very good
346,Good
184,Excellent
3051,Bad
985,Very good
4293,Very good
7413,Bad
2286,Very good
885,Bad
7852,Very good
9479,Excellent
4471,Very good
386,Very bad
7037,Bad
9375,Excellent
284,Excellent
3122,Excellent
7053,Very good
2794,Bad
7047,Excellent
979,Very good
8044,Very good
1811,Excellent
4778,Very good
9694,Very good
9148,Very good
3960,Very bad
7687,Excellent
6137,Bad
550,Excellent
9191,Very good
2486,Very bad
7699,Very good
4394,Very good
9692,Good
1707,Very good
9706,Very good
917,Excellent
949,Very good
9533,Excellent
5783,Good
8624,Very good
5736,Excellent
6693,Good
110,Excellent
6022,Very good
3429,Very good
21,Very good
1175,Bad
1026,Excellent
7544,Excellent
1347,Very good
7772,Very good
3234,Very good
7818,Very good
7713,Very good
2940,Excellent
1354,Very good
5652,Very good
773,Very bad
8442,Bad
471,Excellent
7963,Very good
2554,Bad
2483,Very good
2287,Excellent
5118,Excellent
2615,Bad
6524,Good
1705,Very bad
7293,Bad
629,Very good
91,Excellent
2021,Good
7626,Very good
5867,Excellent
2041,Excellent
9314,Excellent
2375,Bad
7883,Very good
6715,Very good
3259,Very good
2748,Very good
9250,Very good
424,Excellent
7218,Very good
3453,Very good
3501,Very good
6533,Very bad
3768,Excellent
6864,Excellent
5175,Good
923,Good
7126,Excellent
1863,Very good
4115,Very good
568,Very good
3482,Bad
1487,Bad
2573,Very good
4299,Very good
3304,Bad
3745,Excellent
983,Good
1763,Excellent
6448,Excellent
6616,Very bad
317,Bad
1268,Very good
9566,Excellent
268,Very good
8732,Very good
4345,Good
3596,Excellent
30,Excellent
1716,Excellent
5859,Very good
2047,Very good
6273,Very good
3614,Excellent
1197,Very good
4638,Excellent
487,Very bad
2706,Good
2416,Very good
5331,Very good
2881,Excellent
6934,Excellent
8857,Very good
8090,Very good
3890,Excellent
2838,Excellent
7972,Very good
2049,Very good
6937,Very good
9641,Very good
1341,Good
4837,Bad
8435,Very good
6255,Good
2452,Very good
6969,Excellent
5016,Good
5638,Excellent
9605,Excellent
5894,Excellent
3349,Very good
4650,Very good
4472,Excellent
3783,Bad
319,Very good
5427,Good
108,Excellent
3530,Very bad
418,Good
8510,Very good
5057,Good
1177,Very good
3557,Very good
6298,Excellent
4402,Very good
1445,Excellent
7340,Very bad
2518,Excellent
347,Excellent
3875,Excellent
2489,Excellent
9371,Very bad
9245,Good
5919,Very good
7731,Very good
5781,Very good
6167,Excellent
7769,Very good
4919,Very good
7868,Bad
3281,Very good
7981,Very good
5548,Very good
4245,Good
5202,Very good
9578,Good
1862,Bad
8659,Excellent
2282,Very good
6523,Bad
2512,Very good
7109,Bad
4316,Excellent
2801,Excellent
4129,Very good
6050,Excellent
7023,Very good
3476,Very good
5600,Bad
5500,Very good
1316,Very good
932,Very good
7389,Excellent
5194,Very good
8112,Bad
3172,Very good
8224,Very good
8677,Excellent
2499,Bad
6771,Very good
9229,Very good
4280,Excellent
6249,Very good
6441,Very bad
664,Very good
2743,Excellent
5415,Very good
5765,Very bad
8516,Good
1789,Good
2163,Good
6016,Excellent
1403,Very good
3753,Very good
7719,Excellent
3255,Very good
6439,Excellent
3295,Excellent
8565,Very good
6791,Very bad
681,Very good
6588,Bad
6415,Very good
4381,Very good
822,Excellent
5680,Bad
3357,Very bad
8449,Very good
4370,Very good
752,Excellent
9737,Good
7498,Very good
5396,Excellent
6454,Very good
9798,Good
1042,Very good
473,Very good
1377,Excellent
8518,Good
7481,Very good
9970,Very good
5790,Very good
3785,Bad
2301,Excellent
4329,Bad
9699,Excellent
6994,Excellent
5238,Excellent
6876,Very good
2435,Very good
2878,Good
410,Very good
8018,Bad
1737,Excellent
5668,Excellent
8884,Very good
9280,Very good
6038,Very good
7342,Excellent
3941,Very good
7222,Excellent
1239,Excellent
9852,Very good
9735,Very good
603,Excellent
599,Very good
5223,Excellent
8652,Excellent
5979,Bad
9162,Very good
999,Very good
3409,Very good
9348,Excellent
7229,Good
9302,Good
2667,Very good
5528,Very good
9572,Very good
7477,Very good
2914,Very good
5882,Very good
6932,Very good
3663,Excellent
1917,Very good
7107,Very good
2421,Very good
7992,Very good
1284,Good
7982,Very good
6617,Very bad
4113,Very good
4137,Very good
4601,Very good
7828,Excellent
7325,Very good
438,Excellent
5941,Excellent
9683,Very good
7519,Excellent
314,Very good
4819,Very good
1730,Excellent
496,Very good
4859,Very good
8357,Good
8100,Very bad
9679,Excellent
7959,Excellent
639,Excellent
4676,Excellent
8876,Very good
2456,Very good
8147,Bad
1291,Good
9260,Excellent
6758,Very good
4570,Excellent
9491,Good
9108,Excellent
2320,Good
9092,Bad
9160,Very bad
5561,Very good
8965,Very bad
1192,Very good
6802,Excellent
5151,Very good
7822,Good
122,Good
2505,Good
6062,Very good
354,Bad
3507,Very good
8319,Very bad
9020,Excellent
6275,Very good
4169,Excellent
5341,Excellent
8321,Very bad
9226,Very good
868,Very good
3797,Excellent
7433,Excellent
8923,Very good
1179,Bad
6770,Good
1256,Very good
6469,Very good
941,Very good
5845,Excellent
721,Excellent
1476,Good
8282,Excellent
1439,Very good
1290,Excellent
7123,Bad
9632,Very good
5330,Very good
9758,Very good
8781,Bad
5491,Very bad
7170,Very bad
8840,Bad
8799,Bad
914,Very good
7744,Very good
7712,Excellent
8494,Very good
8953,Good
373,Bad
4821,Good
9457,Very good
3730,Good
112,Very good
4877,Excellent
4108,Bad
8741,Bad
8104,Very good
1152,Good
646,Very good
5533,Good
5495,Very bad
9385,Very bad
3976,Very good
6174,Very good
2460,Bad
4939,Very good
9744,Excellent
693,Very good
4557,Excellent
8853,Bad
565,Bad
957,Very good
292,Very good
1374,Very good
9800,Bad
9059,Very good
5457,Good
181,Good
3656,Excellent
8532,Very bad
6106,Bad
7356,Bad
8824,Bad
3835,Excellent
1396,Bad
245,Excellent
2369,Very good
3467,Very good
1013,Very good
4027,Excellent
1734,Good
8140,Good
6259,Good
7895,Excellent
4636,Very good
9880,Very good
4833,Bad
770,Bad
7607,Excellent
5064,Excellent
5052,Excellent
7906,Excellent
9756,Very good
